[
    {
        "accepted":[{
            "name":"Timesheet management system",
            "description":"It manages the projects and client can track their projects",
            "status":"pending",
            "project_status":"module1 completed",
            "client_name":"OOSE Subject Mam1",
            "employees":[
                {
                  "emp_email":"sundar@gmail.com"
                },
                {
                    "emp_email":"sabish@gmail.com"
                }
            ]
        },
        {
            "name":"Ecommerce website",
            "description":"sellers can sell their products and customer buy that products through this site",
            "status":"pending",
            "project_status":"module1 completed",
            "client_name":"OOSE Subject Mam2",
            "employees":[
                {
                  "emp_email":"aravinth@gmail.com"
                },
                {
                    "emp_email":"asuthosh@gmail.com"
                }
            ]
        }
        ]
    }
]